{
    "x": [8.1,8.1,8.2,8.3,8.4,8.5,8.6,8.7,8.8,8.9,9,9.1,9.2,9.3,9.4,9.5,9.6,9.7,9.8,9.9,10,10.1,10.2,10.3,10.4,10.5,10.6,10.7,10.8,10.9,11,11.1,11.2,11.3,11.4,11.5,11.6,11.7,11.8,11.9,12,12.1,12.2,12.3,12.4,12.5,12.6,12.7,12.8,12.9,13,13.1,13.2,13.3,13.4,13.5,13.6,13.7,13.8,13.9,14,14.1,14.2,14.3,14.4,14.5,14.6,14.7,14.8,14.9,15,15.1,15.2,15.3,15.4,15.5,15.6,15.7,15.8,15.9,16,16.1,16.2,16.3,16.4,16.5,16.6,16.7,16.8,16.9,17,17.1,17.2,17.3,17.4,17.5,17.6,17.7,17.8,17.9,18,18.1,18.2,18.3,18.4,18.5,18.6,18.7,18.8,18.9,19,19.1,19.2,19.3,19.4,19.5,19.6,19.7,19.8,19.9,20,20.1,20.2,20.3,20.4,20.5,20.6,20.7,20.8,20.9,21,21.1,21.2,21.3,21.4,21.5,21.6,21.7,21.8,21.9,22,22.1,22.2,22.3,22.4,22.5,22.6,22.7,22.8,22.9,23,23.1,23.2,23.3,23.4,23.5,23.6,23.7,23.8,23.9,24,24.1,24.2,24.3,24.4,24.5,24.6,24.7,24.8,24.9,25,25.1,25.2,25.3,25.4,25.5,25.6,25.7,25.8,25.9,26,26.1,26.2,26.3,26.4,26.5,26.6,26.7,26.8,26.9,27,27.1,27.2,27.3,27.4,27.5,27.6,27.7,27.8,27.9,28,28.1,28.2,28.3,28.4,28.5,28.6,28.7,28.8,28.9,29,29.1,29.2,29.3,29.4,29.5,29.6,29.7,29.8,29.9,30,30.1,30.2,30.3,30.4,30.5,30.6,30.7,30.8,30.9,31,31.1,31.2,31.3,31.4,31.5,31.6,31.7,31.8,31.9,32,32.1,32.2,32.3,32.4,32.5,32.6,32.7,32.8,32.9,33,33.1,33.2,33.3,33.4,33.5,33.6,33.7,33.8,33.9,34,34.1,34.2,34.3,34.4,34.5,34.6,34.7,34.8,34.9,35,35.1,35.2,35.3,35.4,35.5,35.6,35.7,35.8,35.9,36,36.1,36.2,36.3,36.4,36.5,36.6,36.7,36.8,36.9,37,37.1,37.2,37.3,37.4,37.5,37.6,37.7,37.8,37.9,38,38.1,38.2,38.3,38.4,38.5,38.6,38.7,38.8,38.9,39,39.1,39.2,39.3,39.4,39.5,39.6,39.7,39.8,39.9,40,40.1,40.2,40.3,40.4,40.5,40.6,40.7,40.8,40.9,41,41.1,41.2,41.3,41.4,41.5,41.6,41.7,41.8,41.9,42,42.1,42.2,42.3,42.4,42.5,42.6,42.7,42.8,42.9,43,43.1,43.2,43.3,43.4,43.5,43.6,43.7,43.8,43.9,44,44.1,44.2,44.3,44.4,44.5,44.6,44.7,44.8,44.9,45,45.1,45.2,45.3,45.4,45.5,45.6,45.7,45.8,45.9,46,46.1,46.2,46.3,46.4,46.5,46.6,46.7,46.8,46.9,47,47.1,47.2,47.3,47.4,47.5,47.6,47.7,47.8,47.9,48,48.1,48.2,48.3,48.4,48.5,48.6,48.7,48.8,48.9,49,49.1,49.2,49.3,49.4,49.5,49.6,49.7,49.8,49.9],
    "y": [11.0097,11.0097,11.0222,11.0065,10.9638,10.8955,10.8032,10.6889,10.5548,10.4031,10.2364,10.0573,9.86867,9.67336,9.47433,9.27455,9.07702,8.88472,8.70056,8.52739,8.36794,8.22479,8.10038,7.99694,7.91652,7.86091,7.83167,7.83009,7.85719,7.91369,8.00003,8.11634,8.26247,8.43794,8.64201,8.87364,9.13151,9.41405,9.71942,10.0456,10.3903,10.7511,11.1253,11.5103,11.9032,12.301,12.7009,13.0997,13.4945,13.8824,14.2605,14.626,14.9762,15.3087,15.6211,15.9114,16.1775,16.4179,16.6311,16.816,16.9718,17.0979,17.1941,17.2603,17.297,17.3047,17.2844,17.2372,17.1648,17.0686,16.9509,16.8136,16.6592,16.4902,16.3094,16.1194,15.9233,15.7239,15.5243,15.3274,15.1363,14.9538,14.7827,14.6258,14.4857,14.3646,14.2649,14.1886,14.1373,14.1126,14.1158,14.1478,14.2093,14.3007,14.422,14.5731,14.7535,14.9623,15.1984,15.4605,15.747,16.0561,16.3855,16.7331,17.0963,17.4726,17.8591,18.253,18.6514,19.0513,19.4496,19.8435,20.2299,20.6061,20.9692,21.3166,21.6459,21.9547,22.241,22.5029,22.7388,22.9474,23.1275,23.2783,23.3994,23.4905,23.5517,23.5835,23.5864,23.5615,23.51,23.4334,23.3335,23.2123,23.0719,22.9149,22.7438,22.5612,22.37,22.1731,21.9734,21.7741,21.578,21.3881,21.2073,21.0385,20.8842,20.7471,20.6295,20.5336,20.4613,20.4144,20.3944,20.4023,20.4393,20.5058,20.6022,20.7285,20.8846,21.0698,21.2833,21.5239,21.7902,22.0807,22.3933,22.7259,23.0763,23.4419,23.8201,24.2081,24.6029,25.0018,25.4016,25.7994,26.1923,26.5772,26.9513,27.312,27.6565,27.9825,28.2877,28.57,28.8276,29.059,29.2629,29.4381,29.5839,29.7,29.7861,29.8423,29.8691,29.8673,29.8378,29.782,29.7013,29.5977,29.4731,29.3298,29.1702,28.997,28.8127,28.6204,28.4228,28.223,28.024,27.8287,27.6402,27.4612,27.2946,27.1431,27.0091,26.895,26.8029,26.7348,26.6923,26.6769,26.6897,26.7315,26.8031,26.9045,27.0359,27.1969,27.3869,27.605,27.8501,28.1206,28.4149,28.731,29.0669,29.42,29.7879,30.1679,30.5572,30.953,31.3522,31.7519,32.1491,32.5408,32.9241,33.2962,33.6543,33.9959,34.3185,34.62,34.8983,35.1516,35.3785,35.5775,35.7479,35.8887,35.9997,36.0808,36.132,36.154,36.1474,36.1134,36.0533,35.9687,35.8614,35.7335,35.5872,35.4252,35.2499,35.064,34.8706,34.6725,34.4726,34.274,34.0797,33.8925,33.7155,33.5512,33.4024,33.2716,33.1611,33.0729,33.009,32.971,32.9602,32.9779,33.0247,33.1012,33.2077,33.3441,33.51,33.7048,33.9276,34.177,34.4517,34.7498,35.0694,35.4083,35.7641,36.1342,36.516,36.9066,37.3032,37.7027,38.1022,38.4986,38.8891,39.2707,39.6406,39.9961,40.3347,40.6539,40.9516,41.2259,41.4748,41.6971,41.8914,42.0568,42.1927,42.2986,42.3746,42.4209,42.438,42.4268,42.3883,42.3239,42.2353,42.1244,41.9933,41.8442,41.6797,41.5025,41.3152,41.1207,40.9221,40.7222,40.5241,40.3308,40.1452,39.97,39.8082,39.6623,39.5348,39.4279,39.3436,39.284,39.2504,39.2444,39.2668,39.3186,39.4002,39.5117,39.6531,39.824,40.0236,40.2509,40.5047,40.7834,41.0853,41.4083,41.7502,42.1086,42.4808,42.8643,43.2561,43.6534,44.0531,44.4523,44.848,45.2372,45.617,45.9847,46.3375,46.673,46.9887,47.2826,47.5527,47.7973,48.0149,48.2044,48.3649,48.4958,48.5967,48.6677,48.709,48.7213,48.7054,48.6624,48.5939,48.5014,48.3869,48.2526,48.1008,47.9339,47.7548,47.5661,47.3707,47.1717,46.9719,46.7744,46.5822,46.3981,46.225,46.0657,45.9227,45.7985,45.6952,45.615,45.5596,45.5306,45.5293,45.5567,45.6134,45.7,45.8166,45.963,46.1387,46.3431,46.5749,46.833,47.1158,47.4213,47.7477,48.0925,48.4534,48.8278],

    "type": "scatter"
}